{"cameraMode":{"drawMode":0,"name":"Shaded","section":"Shading Mode"},"sceneLighting":true,"audioPlay":false,"sceneViewState":{"showFog":true,"showMaterialUpdate":false,"showSkybox":true,"showFlares":true,"showImageEffects":true,"showParticleSystems":true,"showVisualEffectGraphs":true,"m_FxEnabled":true},"in2DMode":false,"pivot":{"x":-0.09494763612747193,"y":1.868669867515564,"z":-1.9781239032745362},"rotation":{"x":-0.04487241804599762,"y":-0.8757632970809937,"z":0.08300799876451493,"w":-0.47344446182250979},"size":5.1577277183532719,"orthographic":false}