{"cameraMode":{"drawMode":0,"name":"Shaded","section":"Shading Mode"},"sceneLighting":true,"audioPlay":false,"sceneViewState":{"showFog":true,"showMaterialUpdate":false,"showSkybox":true,"showFlares":true,"showImageEffects":true,"showParticleSystems":true,"showVisualEffectGraphs":true,"m_FxEnabled":true},"in2DMode":false,"pivot":{"x":1.431329369544983,"y":-1.1805075407028199,"z":-0.6976273059844971},"rotation":{"x":0.22300712764263154,"y":-0.02923930250108242,"z":0.006692333146929741,"w":0.9743600487709045},"size":3.3346636295318605,"orthographic":false}