{"cameraMode":{"drawMode":0,"name":"Shaded","section":"Shading Mode"},"sceneLighting":true,"audioPlay":false,"sceneViewState":{"showFog":true,"showMaterialUpdate":false,"showSkybox":true,"showFlares":true,"showImageEffects":true,"showParticleSystems":true},"in2DMode":false,"pivot":{"x":-4.3879714012146,"y":0.30048882961273196,"z":-0.057417869567871097},"rotation":{"x":0.011963635683059693,"y":0.9869598746299744,"z":-0.08788260817527771,"w":0.13435707986354829},"size":4.565842151641846,"orthographic":false}