{"cameraMode":{"drawMode":0,"name":"Shaded","section":"Shading Mode"},"sceneLighting":false,"audioPlay":false,"sceneViewState":{"showFog":true,"showMaterialUpdate":false,"showSkybox":true,"showFlares":true,"showImageEffects":true,"showParticleSystems":true},"in2DMode":false,"pivot":{"x":-2.9043831825256349,"y":-1.5793805122375489,"z":0.2133617401123047},"rotation":{"x":-0.043640218675136569,"y":0.08441536128520966,"z":-0.003694157348945737,"w":-0.9954814314842224},"size":3.610215187072754,"orthographic":false}