{"cameraMode":{"drawMode":0,"name":"Shaded","section":"Shading Mode"},"sceneLighting":false,"audioPlay":false,"sceneViewState":{"showFog":true,"showMaterialUpdate":false,"showSkybox":true,"showFlares":true,"showImageEffects":true,"showParticleSystems":true},"in2DMode":false,"pivot":{"x":-3.595280647277832,"y":-1.6162784099578858,"z":0.0920720100402832},"rotation":{"x":-0.043640218675136569,"y":0.08441536128520966,"z":-0.003694157348945737,"w":-0.9954814314842224},"size":3.610215187072754,"orthographic":false}