{"cameraMode":{"drawMode":0,"name":"Shaded","section":"Shading Mode"},"sceneLighting":true,"audioPlay":false,"sceneViewState":{"showFog":true,"showMaterialUpdate":false,"showSkybox":true,"showFlares":true,"showImageEffects":true,"showParticleSystems":true},"in2DMode":false,"pivot":{"x":-8.076767921447754,"y":1.0668916702270508,"z":-0.8666993379592896},"rotation":{"x":-0.0018053104868158699,"y":-0.01799696497619152,"z":-0.000003274145228715497,"w":-0.999854326248169},"size":1.3583638668060303,"orthographic":false}